Категорія,Назва товару,Ціна,Фото
Ікра,Ікра Масаго зелена 500 г,325.0,https://images.prom.ua/6599496002_w1000_h1000_ikra-masago-zelenaya.jpg
Ікра,Ікра Масаго оранж 100 г,95.0,https://images.prom.ua/4872594100_w1000_h1000_ikra-masago-oranzh.jpg
Ікра,Ікра Масаго оранж 50 г,65.0,https://images.prom.ua/4794614327_w1000_h1000_ikra-masago-masago.jpg
Ікра,Ікра Масаго оранж 500 г,315.0,https://images.prom.ua/6842739014_w1000_h1000_ikra-masago-oranzh.jpg
Ікра,Ікра Масаго помаранчева 100 г,80.0,https://images.prom.ua/6244985921_w1000_h1000_ikra-masago-pomarancheva.jpg
Ікра,Ікра Масаго помаранчева 500 г,325.0,https://images.prom.ua/6599502638_w1000_h1000_ikra-masago-pomarancheva.jpg
Ікра,Ікра Масаго помаранчева 500 г,350.0,https://images.prom.ua/4794614326_w1000_h1000_ikra-masago-oranzhevaya.jpg
Ікра,Ікра Масаго червона 500 г,315.0,https://images.prom.ua/6444145774_w1000_h1000_ikra-masago-krasnaya.jpg
Ікра,Ікра Масаго чорна 100 г,90.0,https://images.prom.ua/6246236489_w1000_h1000_ikra-masago-chernaya.jpg
Ікра,Ікра Масаго чорна 50 г,65.0,https://images.prom.ua/6024634918_w1000_h1000_ikra-masago-chernaya.jpg
Ікра,Ікра Масаго чорна 500 г,350.0,https://images.prom.ua/6444825322_w1000_h1000_ikra-masago-chernaya.jpg
Борошно,Борошно рисове темпура мука 1 кг,115.0,https://images.prom.ua/4794634212_w1000_h1000_boroshno-risovoe-tempura.jpg
Борошно,Борошно рисове темпура мука 1 кг,135.0,https://images.prom.ua/4794634212_w1000_h1000_muka-tempura-1kg.jpg
Борошно,Клейке рисове борошно Безглютенове з клейкого рису для Моті (Mochi) 400 г,108.0,https://images.prom.ua/7041025305_w1000_h1000_klejkaya-risovaya-muka.jpg
Борошно,Темпури борошно 250 г,50.0,https://images.prom.ua/4794634213_w1000_h1000_tempura-muka-250.jpg
Косметика,IS Clinical Cleansing Complex Гель для вмивання 180 мл,2040.0,https://images.prom.ua/6631873510_w1000_h1000_is-clinical-cleansing.jpg
Косметика,IS Clinical Cleansing Complex Гель для вмивання 180 мл,1120.0,https://images.prom.ua/6631873510_w1000_h1000_is-clinical-cleansing.jpg
Косметика,IS Clinical Cleansing Complex Гель для вмивання 60 мл,1120.0,https://images.prom.ua/5896984295_w1000_h1000_is-clinical-cleansing.jpg
Косметика,IS Clinical EYE Complex Крем омолоджучий для обличчя,3750.0,https://images.prom.ua/6734361201_w1000_h1000_is-clinical-eye.jpg
Косметика,IS Clinical Hydra-Intensive Cooling Masque - Зволожуюча маска для обличчя 120 г,4500.0,https://images.prom.ua/5897308861_w1000_h1000_is-clinical-hydra-intensive.jpg
Косметика,IS Clinical Pure Real Collection - Омолоджуючий набір,10475.0,https://images.prom.ua/5897227383_w1000_h1000_is-clinical-pure.jpg
Косметика,IS Clinical Youth Complex Крем омолоджучий для обличчя із набору,6975.0,https://images.prom.ua/5897262994_w1000_h1000_is-clinical-youth.jpg
Косметика,IS Clinical Youth Eye Complex 15g Крем навколо очей,6999.0,https://images.prom.ua/6734356472_w1000_h1000_is-clinical-youth.jpg
Косметика,Крем сонцезахисний бежевий IS Clinical Eclipse SPF 50+ 100 мл,2285.0,https://images.prom.ua/5896926295_w1000_h1000_krem-sontsezahisnij-bezhevij.jpg
Косметика,Крем сонцезахисний без тону IS Clinical Eclipse SPF 50+ 100 мл,2195.0,https://images.prom.ua/6569469848_w1000_h1000_krem-sontsezahisnij-bez.jpg
Косметика,Крем сонцезахисний без тону з набору IS Clinical Eclipse SPF 50+ 100 мл,2190.0,https://images.prom.ua/5896890517_w1000_h1000_krem-sontsezahisnij-bez.jpg
Косметика,Набір Is Clinical Pure Calm Collection,6300.0,https://images.prom.ua/5897147858_w1000_h1000_nabir-vid-pochervonin.jpg
Косметика,Насадка Braun Oral-B Gentle care,200.0,https://images.prom.ua/6737260893_w1000_h1000_nasadka-original-dlya.jpg
Косметика,Насадка Braun Oral-B Ultimate Clean,215.0,https://images.prom.ua/6458594841_w1000_h1000_nasadka-original-dlya.jpg
Макаронні вироби,Гречана соба Green Label 300 г,79.0,https://images.prom.ua/4794620651_w1000_h1000_grechnevaya-lapsha-makaron.jpg
Макаронні вироби,Гречана соба Green Label 300 г,59.0,https://images.prom.ua/4794620651_w1000_h1000_soba-lapsha-grechnevaya.jpg
Макаронні вироби,Лапша з додаванням бобових Butterfly Bean Flower 300 г,54.0,https://images.prom.ua/6263316311_w1000_h1000_lapsha-lokshina-makaron.jpg
Макаронні вироби,Лапша з додаванням бобових Butterfly Bean Flower 300 г,55.0,https://images.prom.ua/6263316311_w1000_h1000_udon-lapsha-lokshina.jpg
Макаронні вироби,Лапша з додаванням буряка 300 г,54.0,https://images.prom.ua/6263305755_w1000_h1000_lapsha-lokshina-makaron.jpg
Макаронні вироби,Лапша з додаванням буряка 300 г,55.0,https://images.prom.ua/6263305755_w1000_h1000_udon-lapsha-lokshina.jpg
Макаронні вироби,Лапша з додаванням моркви морквяна 300 г,54.0,https://images.prom.ua/6263309921_w1000_h1000_udon-lapsha-lokshina.jpg
Макаронні вироби,Лапша з додаванням моркви морквяна 300 г,55.0,https://images.prom.ua/6263309921_w1000_h1000_udon-lapsha-lokshina.jpg
Макаронні вироби,Лапша з морськими водоростями 300 г,56.0,https://images.prom.ua/6263323550_w1000_h1000_lapsha-lokshina-makaron.jpg
Макаронні вироби,Лапша матча чай 300 г,56.0,https://images.prom.ua/6261407240_w1000_h1000_lapsha-lokshina-makaron.jpg
Макаронні вироби,Лапша рамен пшенична Green Label 300 г,56.0,https://images.prom.ua/6011668389_w1000_h1000_lapsha-ramen-lokshina.jpg
Макаронні вироби,Локшина рисова 454 г,120.0,https://images.prom.ua/6807909697_w1000_h1000_lapsha-risovaya-454.jpg
Макаронні вироби,Локшина рисова HOM-D 454 г,120.0,https://images.prom.ua/5524162951_w1000_h1000_lapsha-funchoza-risovaya.jpg
Макаронні вироби,"Локшина удон макарон пшенична лапша 4,540 кг",750.0,https://images.prom.ua/6258343991_w1000_h1000_lapsha-udon-makaron.jpg
Макаронні вироби,Локшина фунчоза рисова 500 г,132.0,https://images.prom.ua/5798118543_w1000_h1000_lokshina-risova-funchoza.jpg
Макаронні вироби,Локшина фунчоза рисова 500 г,131.0,https://images.prom.ua/5798118543_w1000_h1000_lapsha-funchoza-risovaya.jpg
Макаронні вироби,Локшина ів пшеничного удон Green Label 300 г,56.0,https://images.prom.ua/4794620653_w1000_h1000_lapsha-lokshina-makaron.jpg
Макаронні вироби,Фунчоза локшина рисова скляна 500 г,130.0,https://images.prom.ua/5470245322_w1000_h1000_funchoza-lapsha-risovaya.jpg
Ножі кухонні,Ніж Samura Okinawa Янагиба 240 мм,3100.0,https://images.prom.ua/4794667048_w1000_h1000_nozh-dlya-sushi.jpg
Овочева консервація,"Помідори цілі томати пелати pelati 2,850 кг",260.0,https://images.prom.ua/4794654515_w1000_h1000_pomidory-tselye-tomaty.jpg
Одноразовий посуд,Баночка бутилочка з кришкою для соєвого соусу ПЕТ 100 мл,8.0,https://images.prom.ua/6796201716_w1000_h1000_banochka-butylochka-s.jpg
Одноразовий посуд,Баночка бутилочка з кришкою для соєвого соусу ПЕТ 250 мл,9.0,https://images.prom.ua/4794640982_w1000_h1000_banochka-butylochka-s.jpg
Одноразовий посуд,Контейнер бокс на 2 роли 180х 138 мм 180 х138 мм,12.0,https://images.prom.ua/4794640979_w1000_h1000_kontejner-boks-upakovka.jpg
Одноразовий посуд,Контейнер бокс на 2 роли 180х 138 мм 180 х138 мм,17.0,https://images.prom.ua/4794640979_w1000_h1000_kontejner-boks-upakovka.jpg
Одноразовий посуд,Контейнер бокс упаковання на 1 рол,5.0,https://images.prom.ua/4794640978_w1000_h1000_kontejner-boks-upakovka.jpg
Одноразовий посуд,Контейнер бокс упаковка для суши на 5 ролів 278х 195 мм 278 х195 мм,20.0,https://images.prom.ua/5894580417_w1000_h1000_kontejner-boks-upakovka.jpg
Одноразовий посуд,Соусник із кришкою 50 мл,2.5,https://images.prom.ua/4794640976_w1000_h1000_sousnik-s-kryshkoj.jpg
Одноразовий посуд,Соусник із кришкою для соєвого соусу 100 мл,3.0,https://images.prom.ua/4794640977_w1000_h1000_sousnik-s-kryshkoj.jpg
Панірувальні сухарі,Сухарі панко панірувальні 1 кг,120.0,https://images.prom.ua/4794634217_w1000_h1000_suhari-panko-sp.jpg
Панірувальні сухарі,Сухарі панко панірувальні 1 кг,118.0,https://images.prom.ua/4794634217_w1000_h1000_suhari-panko-panirovochnye.jpg
Панірувальні сухарі,Сухарі панко панірувальні 1 кг,115.0,https://images.prom.ua/4794634217_w1000_h1000_suhari-panko-panirovochnye.jpg
Панірувальні сухарі,Сухарі панко панірувальні 100 г,27.0,https://images.prom.ua/6272839865_w1000_h1000_suhari-panko-panirovochnye.jpg
Панірувальні сухарі,Сухарі панко панірувальні 100 г,20.0,https://images.prom.ua/6272839865_w1000_h1000_suhari-panko-panirovochnye.jpg
Панірувальні сухарі,Сухарі панко панірувальні 100 г,21.0,https://images.prom.ua/6272839865_w1000_h1000_suhari-panko-panirovochnye.jpg
Подарункові пакети,Крафт пакет пакети ролів 350х 260 мм 350 х260 мм,5.0,https://images.prom.ua/4794640981_w1000_h1000_kraft-paket-paketi.jpg
Посуд для суші,Макісу циновка бамбуковий коврик килимок ролів 24х24 см,57.0,https://images.prom.ua/4794627485_w1000_h1000_kovrik-dlya-sushi.jpg
Посуд для суші,Макісу циновка бамбуковий коврик килимок ролів 24х24 см,75.0,https://images.prom.ua/4794627485_w1000_h1000_makisu-tsinovka-bambukovyj.jpg
Посуд для суші,Палички Бамбукові для їжі суші ролів 1 шт,1.5,https://images.prom.ua/6323460365_w1000_h1000_palochki-bambukovye-bambuk.jpg
Посуд для суші,Палички Бамбукові ролів 100 шт,1.75,https://images.prom.ua/4794634204_w1000_h1000_palichki-bambukovi-bambuk.jpg
Посуд для суші,Палички Бамбукові ролів 100 шт,1.7,https://images.prom.ua/4794634204_w1000_h1000_palochki-bambukovye-bambuk.jpg
Посуд для суші,Палички Бамбукові ролів 100 шт,130.0,https://images.prom.ua/4794634204_w1000_h1000_palochki-bambukovye-bambuk.jpg
Посуд для суші,Палички Бамбукові ролів 100 шт,115.0,https://images.prom.ua/4794634204_w1000_h1000_palochki-bambukovye-bambuk.jpg
Посуд для суші,Палички бамбукові 100 шт,140.0,https://images.prom.ua/4880265413_w1000_h1000_palichki-bambukovi-dlya.jpg
Посуд для суші,Тримач для паличок фіксатор суші ролів навчальні 1 шт,1.5,https://images.prom.ua/6133597531_w1000_h1000_trimach-dlya-palichok.jpg
Посуд для суші,Тримач для паличок фіксатор суші ролів навчальні 100 шт,115.0,https://images.prom.ua/6136221401_w1000_h1000_trimach-dlya-palichok.jpg
Посуд для суші,Фіксатор для паличок тримач суші ролів навчальні 1 шт,1.5,https://images.prom.ua/6136242289_w1000_h1000_fiksator-dlya-palichok.jpg
Посуд для суші,Фіксатор паличок ролів тримач навчальні 1 шт,1.45,https://images.prom.ua/6119797940_w1000_h1000_fiksator-palochek-dlya.jpg
Посуд для суші,Фіксатор паличок ролів тримач навчальні 100 шт,99.0,https://images.prom.ua/6119804988_w1000_h1000_fiksator-palochek-dlya.jpg
Посуд для суші,Фіксатор паличок ролів тримач навчальні 100 шт,1.45,https://images.prom.ua/4794634208_w1000_h1000_fiksator-derzhatel-palochek.jpg
Продукти для суші,Імбир маринований білий 1 400 кг,115.0,https://images.prom.ua/6851021451_w1000_h1000_imbir-marinovannyj-belyj.jpg
Продукти для суші,Імбир маринований білий SP 1 400 кг,115.0,https://images.prom.ua/6987042035_w1000_h1000_imbir-marinovannyj-sp.jpg
Продукти для суші,Імбир маринований рожевий 1.450 кг,110.0,https://images.prom.ua/6585790495_w1000_h1000_imbir-marinovannyj-rozovyj.jpg
Продукти для суші,Імбир маринований рожевий 1.450 кг,94.0,https://images.prom.ua/6585790495_w1000_h1000_imbir-marinovanij-rozhevij.jpg
Продукти для суші,Імбир маринований рожевий 200 г,50.0,https://images.prom.ua/4794602064_w1000_h1000_imbir-marinovanij-rozhevij.jpg
Продукти для суші,Васаби готове паста 100 г,50.0,https://images.prom.ua/4794608077_w1000_h1000_vasabi-gotove-pasta.jpg
Продукти для суші,Васабі порошок,270.0,https://images.prom.ua/6650275717_w1000_h1000_vasabi-poroshok-1.jpg
Продукти для суші,Васабі порошок 1 кг,315.0,https://images.prom.ua/4794602069_w1000_h1000_vasabi-poroshok-1.jpg
Продукти для суші,Васабі порошок 250 г,25.0,https://images.prom.ua/4794608074_w1000_h1000_vasabi-poroshok-50.jpg
Продукти для суші,Васабі порошок 250 г,35.0,https://images.prom.ua/4794608074_w1000_h1000_vasabi-poroshok-100.jpg
Продукти для суші,Васабі порошок 250 г,89.0,https://images.prom.ua/4794608074_w1000_h1000_vasabi-poroshok-250.jpg
Продукти для суші,Васабі порошок Taste Hunter,267.0,https://images.prom.ua/6803581993_w1000_h1000_vasabi-poroshok-taste.jpg
Продукти для суші,Васабі порошок Taste Hunter клас А,274.0,https://images.prom.ua/6604673321_w1000_h1000_vasabi-poroshok-taste.jpg
Продукти для суші,Водорості Комбу комбо конбу сушені конбо,885.0,https://images.prom.ua/6261508209_w1000_h1000_vodorosli-kombu-kombo.jpg
Продукти для суші,Водорості Нори 10 листя 23 г,65.0,https://images.prom.ua/4792858959_w1000_h1000_listya-vodorosli-nory.jpg
Продукти для суші,Водорості Нори ЖАРЕНІ 100 листя 230 г,565.0,https://images.prom.ua/6824265681_w1000_h1000_listya-vodorosli-nory.jpg
Продукти для суші,Водорості Нори голд gold 50 листя штук шт,358.0,https://images.prom.ua/6938204555_w1000_h1000_listya-vodorosli-nory.jpg
Продукти для суші,Водорості Нори смажені 10 шт 23 г,65.0,https://images.prom.ua/6634309589_w1000_h1000_listya-vodorosli-nory.jpg
Продукти для суші,Водорості Норі 10 листів 23 г,63.0,https://images.prom.ua/4794602060_w1000_h1000_listya-vodorosti-nori.jpg
Продукти для суші,Водорості Норі 100 листів 230 г,730.0,https://images.prom.ua/6271979709_w1000_h1000_listya-vodorosli-nory.jpg
Продукти для суші,Водорості Норі листя 10 листів,63.0,https://images.prom.ua/6746327766_w1000_h1000_vodorosli-nory-dlya.jpg
Продукти для суші,Водорості Норі листя 10 листів 23 г,63.0,https://images.prom.ua/4792858959_w1000_h1000_vodorosli-nory-dlya.jpg
Продукти для суші,Водорості Норі смажені 100 листів,595.0,https://images.prom.ua/6525594178_w1000_h1000_listya-vodorosli-dlya.jpg
Продукти для суші,Водорості водорослі Норі морські 100 листів 230 г,555.0,https://images.prom.ua/6955705224_w1000_h1000_listya-vodorosli-nory.jpg
Продукти для суші,Водорості водорослі Норі морські 100 листів 230 г,560.0,https://images.prom.ua/6964937546_w1000_h1000_listya-vodorosli-vodorosli.jpg
Продукти для суші,Водорості норі смажені жарені RED ЖАРЕНЫЕ ААА 100 шт,565.0,https://images.prom.ua/6812580812_w1000_h1000_listya-vodorosli-nori.jpg
Продукти для суші,Водорості сушені фуеру вакаме 100 г,42.0,https://images.prom.ua/4794634216_w1000_h1000_vodorosli-vakame-sushenye.jpg
Продукти для суші,Водорості сушені фуеру вакаме 100 г,469.0,https://images.prom.ua/4794634216_w1000_h1000_vodorosli-vakame-sushenye.jpg
Продукти для суші,Водорості сушені фуеру вакаме 100 г,60.0,https://images.prom.ua/4794634216_w1000_h1000_vodorosli-vakame-sushenye.jpg
Продукти для суші,Водорості сушені фуеру вакаме 100 г,105.0,https://images.prom.ua/4794634216_w1000_h1000_vodorosti-vakame-sushenye.jpg
Продукти для суші,Водорості сушені фуеру вакаме 100 г,110.0,https://images.prom.ua/4794634216_w1000_h1000_vodorosli-sushenye-fueru.jpg
Продукти для суші,Водорості сушені фуеру вакаме 100 г,230.0,https://images.prom.ua/4794634216_w1000_h1000_vodorosli-sushenye-fueru.jpg
Продукти для суші,Даші Комбу комбо водорості конбу конбо сушені,885.0,https://images.prom.ua/6261508209_w1000_h1000_dashi-kombu-kombo.jpg
Продукти для суші,Копчений тунець,999.0,https://images.prom.ua/6352443191_w1000_h1000_kopchenij-tunets-dlya.jpg
Продукти для суші,Копчений тунець 250 г,275.0,https://images.prom.ua/6352443191_w1000_h1000_kopchenij-tunets-dlya.jpg
Продукти для суші,Лемонграс заморожений Aroy-D 200 г,203.0,https://images.prom.ua/5847778913_w1000_h1000_lemongrass-zamorozhennyj-aroy-d.jpg
Продукти для суші,Лемонграс заморожений цілий Лемонграс Aroy-D 200 г,203.0,https://images.prom.ua/5847778913_w1000_h1000_lemongras-morozhennyj-zamorozhennyj.jpg
Продукти для суші,Лемонграс заморожений цілий Лемонграсс Aroy-D 200 г,203.0,https://images.prom.ua/6006051323_w1000_h1000_lemongras-morozhenij-zamorozhenij.jpg
Продукти для суші,Лемонграс свіжоморожений цілий лемонграсс Aroy-D 200 г,205.0,https://images.prom.ua/5847778913_w1000_h1000_lemongras-svizhomorozhenij-tsilij.jpg
Продукти для суші,Лемонграсс заморожений цілий Лемонграс Aroy-D 200 г,203.0,https://images.prom.ua/5847778913_w1000_h1000_lemongrass-zamorozhennyj-tselyj.jpg
Продукти для суші,Листя Норі водорості 50 штук листів,318.0,https://images.prom.ua/7005969614_w1000_h1000_listya-vodorosli-nory.jpg
Продукти для суші,Листя бамбука 26 см 100 шт,188.0,https://images.prom.ua/6170675609_w1000_h1000_listya-bambuka-100.jpg
Продукти для суші,Листя бамбука 26 см 100 шт,179.0,https://images.prom.ua/6170675609_w1000_h1000_listya-bambuka-bambukove.jpg
Продукти для суші,Листя бамбука бамбукове листя 26 см 100 шт,178.0,https://images.prom.ua/5969673953_w1000_h1000_listya-bambuka-bambukovye.jpg
Продукти для суші,Листя кафір лайма каффір свіжоморожені тайланд 100 г,189.0,https://images.prom.ua/6571392502_w1000_h1000_listya-kaffir-lajma.jpg
Продукти для суші,Листя кафір лайма свіжоморожені AROY-D 114 г,269.0,https://images.prom.ua/5847796533_w1000_h1000_listya-kafir-lajma.jpg
Продукти для суші,Листя лайма Каффір кафір заморожене свіжоморожене AROY-D 114 г,269.0,https://images.prom.ua/5847796533_w1000_h1000_listya-lajma-kaffir.jpg
Продукти для суші,Морський гребінець,350.0,https://images.prom.ua/7026770904_w1000_h1000_morskaya-rascheska-1.jpg
Продукти для суші,Місо паста світла широмісо місоширо 80 г,65.0,https://images.prom.ua/5317175671_w1000_h1000_miso-pasta-shiromiso.jpg
Продукти для суші,Місо паста світла широмісо місоширо 80 г,39.0,https://images.prom.ua/5317175671_w1000_h1000_miso-pasta-shiromiso.jpg
Продукти для суші,Місо паста світла широмісо місоширо 80 г,35.0,https://images.prom.ua/5317175671_w1000_h1000_miso-pasta-svetlaya.jpg
Продукти для суші,Місо паста світла широмісо місоширо 80 г,81.0,https://images.prom.ua/5317175671_w1000_h1000_miso-pasta-shiromiso.jpg
Продукти для суші,Місо паста червона темна 1 кг,175.0,https://images.prom.ua/6777937070_w1000_h1000_miso-pasta-krasnaya.jpg
Продукти для суші,Місо паста широмісо місоширо 1 к г,180.0,https://images.prom.ua/6472544628_w1000_h1000_miso-pasta-svetlaya.jpg
Продукти для суші,Місо паста широмісо місоширо 1 к г,175.0,https://images.prom.ua/6472544628_w1000_h1000_miso-pasta-shiromiso.jpg
Продукти для суші,Набір для приготування суші на 6 персон,350.0,https://images.prom.ua/6440348551_w1000_h1000_nabor-dlya-prigotovleniya.jpg
Продукти для суші,Набір для супу Том Ям ASIAN 114 г,194.0,https://images.prom.ua/7013603030_w1000_h1000_nabor-dlya-supa.jpg
Продукти для суші,Норі 10 листів 23 г,65.0,https://images.prom.ua/4792858959_w1000_h1000_listya-vodorosli-nory.jpg
Продукти для суші,Норі 100 листів 230 г,555.0,https://images.prom.ua/6951662461_w1000_h1000_listya-vodorosli-nory.jpg
Продукти для суші,Норі 50 листів,318.0,https://images.prom.ua/7005969614_w1000_h1000_listya-vodorosli-nory.jpg
Продукти для суші,Норі SAP 50 листів,320.0,https://images.prom.ua/6237327615_w1000_h1000_listya-vodorosli-nory.jpg
Продукти для суші,Норі СМАЖЕНІ 100 листів 230 г,565.0,https://images.prom.ua/6824265681_w1000_h1000_listya-vodorosli-nory.jpg
Продукти для суші,Норі смажені Водорості 50 листів,304.0,https://images.prom.ua/6239096287_w1000_h1000_nory-zharenye-50.jpg
Продукти для суші,Паста місо соєва,230.0,https://images.prom.ua/6320934780_w1000_h1000_pasta-miso-shiromiso.jpg
Продукти для суші,Паста місо соєва 80 г,65.0,https://images.prom.ua/6243255855_w1000_h1000_pasta-miso-shiromiso.jpg
Продукти для суші,Порошок васабі 250 г,89.0,https://images.prom.ua/6245781613_w1000_h1000_poroshok-vasabi-250.jpg
Продукти для суші,Рис Bisan Японіка 5 кг,400.0,https://images.prom.ua/7019134090_w1000_h1000_ris-dlya-sushi.jpg
Продукти для суші,Рис DALIAN 5 кг,430.0,https://images.prom.ua/7044946989_w1000_h1000_ris-dlya-sushi.jpg
Продукти для суші,Рис OSHIHARI PREMIUM 10 кг,857.0,https://images.prom.ua/6145863452_w1000_h1000_ris-dlya-sushi.jpg
Продукти для суші,Рис OSHIHARI Premium 500 г,50.0,https://images.prom.ua/4794602068_w1000_h1000_ris-dlya-sushi.jpg
Продукти для суші,Рис OSHIHARI Premium 500 г,110.0,https://images.prom.ua/4794602068_w1000_h1000_ris-dlya-sushi.jpg
Продукти для суші,Рис OSHIHARI Premium 500 г,179.0,https://images.prom.ua/4794602068_w1000_h1000_ris-dlya-sushi.jpg
Продукти для суші,Рис OSHIHARI Premium 500 г,45.0,https://images.prom.ua/4794602068_w1000_h1000_ris-dlya-sushi.jpg
Продукти для суші,Рис OSHIHARI Premium 500 г,53.0,https://images.prom.ua/4794602068_w1000_h1000_ris-dlya-sushi.jpg
Продукти для суші,Рис Premium,88.0,https://images.prom.ua/4869151243_w1000_h1000_ris-dlya-sushi.jpg
Продукти для суші,Рис Premium 2.5 кг,220.0,https://images.prom.ua/4794602067_w1000_h1000_ris-dlya-sushi.jpg
Продукти для суші,Рис ЯПОНІКА PREMIUM 10 кг,799.0,https://images.prom.ua/7019134090_w1000_h1000_ris-dlya-sushi.jpg
Продукти для суші,Рис для суши японіка,85.0,https://images.prom.ua/4869151243_w1000_h1000_ris-dlya-sushi.jpg
Продукти для суші,Рисові чипси зі смаком креветки білі 50 г,30.0,https://images.prom.ua/5871568914_w1000_h1000_risovye-chipsy-so.jpg
Продукти для суші,Рисові чіпси зі смаком креветки,30.0,https://images.prom.ua/5423320315_w1000_h1000_risovye-chipsy-so.jpg
Продукти для суші,Рисові чіпси зі смаком креветки BANH PHONG TOM,375.0,https://images.prom.ua/6271706251_w1000_h1000_risovye-chipsy-so.jpg
Продукти для суші,Рисові чіпси зі смаком креветки білі 227 г,80.0,https://images.prom.ua/5423296100_w1000_h1000_risovye-chipsy-so.jpg
Продукти для суші,Рисові чіпси зі смаком креветки білі VANDA 227 г,95.0,https://images.prom.ua/6245931896_w1000_h1000_risovi-chipsi-zi.jpg
Продукти для суші,Рисові чіпси зі смаком креветки кольорові,30.0,https://images.prom.ua/5442108278_w1000_h1000_risovi-chipsi-zi.jpg
Продукти для суші,Рисові чіпси зі смаком креветки кольорові 227 г,80.0,https://images.prom.ua/5423308857_w1000_h1000_risovye-chipsy-so.jpg
Продукти для суші,Рисові чіпси зі смаком креветки кольорові VANDA 227 г,90.0,https://images.prom.ua/5423308857_w1000_h1000_risovi-chipsi-zi.jpg
Продукти для суші,Рисові чіпси кольорові 227 г,70.0,https://images.prom.ua/5423308857_w1000_h1000_risovye-chipsy-tsvetnye.jpg
Продукти для суші,Салат Хіяші Чука з морських водоростей Вакаме,220.0,https://images.prom.ua/6804490279_w1000_h1000_salat-hiyashi-vakame.jpg
Продукти для суші,Салат Хіяші Чука з морських водоростей Вакаме 1 кг,205.0,https://images.prom.ua/5849407906_w1000_h1000_salat-hiyashi-vakame.jpg
Продукти для суші,Салат Чука з морських водоростей Хіяші Вакаме,210.0,https://images.prom.ua/6448872981_w1000_h1000_salat-chuka-iz.jpg
Продукти для суші,Салат Чука з морських водоростей Хіяші Вакаме,200.0,https://images.prom.ua/6804490279_w1000_h1000_salat-chuka-iz.jpg
Продукти для суші,Салат Чука із морських водоростей Хіяші Вакаме 250 г,80.0,https://images.prom.ua/4794620647_w1000_h1000_salat-chuka-iz.jpg
Продукти для суші,Салат Чука із морських водоростей Хіяші Вакаме HOSHI,214.0,https://images.prom.ua/6440375268_w1000_h1000_salat-chuka-iz.jpg
Продукти для суші,Соус із чорного перцю блек пепер пеппер Lee Kum Kee Black Pepper Sauce 350 г,288.0,https://images.prom.ua/4794660826_w1000_h1000_sous-iz-chernogo.jpg
Продукти для суші,Соус із чорного перцю блек пепер пеппер для мяса Lee Kum Kee Black Pepper Sauce 355 мл,288.0,https://images.prom.ua/6323575586_w1000_h1000_sous-iz-chernogo.jpg
Продукти для суші,Соєва спаржа суха соєва Фучжу Haojia,255.0,https://images.prom.ua/4794654519_w1000_h1000_soevaya-sparzha-suhaya.jpg
Продукти для суші,Соєвий папір маменорі мамінорі мамінори mamenori 20 аркушів,400.0,https://images.prom.ua/7083405228_w1000_h1000_soevaya-bumaga-mamenori.jpg
Продукти для суші,Соєвий папір маменорі мамінорі мамінори mamenori 20 аркушів,440.0,https://images.prom.ua/7083405228_w1000_h1000_soevaya-bumaga-mamenori.jpg
Продукти для суші,Стружка тунця боніто,985.0,https://images.prom.ua/6284934554_w1000_h1000_struzhka-tuntsya-bonito.jpg
Продукти для суші,Стружка тунця боніто 25 г,65.0,https://images.prom.ua/6804491550_w1000_h1000_struzhka-tuntsa-bonito.jpg
Продукти для суші,Стружка тунця боніто 250 г,550.0,https://images.prom.ua/4880538563_w1000_h1000_struzhka-tuntsa-bonito.jpg
Продукти для суші,Стружка тунця боніто 30 г,95.0,https://images.prom.ua/6804491774_w1000_h1000_struzhka-tuntsa-bonito.jpg
Продукти для суші,Стружка тунця боніто 30 г,175.0,https://images.prom.ua/6804491774_w1000_h1000_struzhka-tuntsa-bonito.jpg
Продукти для суші,Стружка тунця боніто 30 г,85.0,https://images.prom.ua/6804491774_w1000_h1000_struzhka-tuntsa-bonito.jpg
Продукти для суші,Стружка тунця боніто bonito tuna,875.0,https://images.prom.ua/6716711384_w1000_h1000_struzhka-tuntsya-bonito.jpg
Продукти для суші,Стружка тунця боніто bonito tuna 500 г,875.0,https://images.prom.ua/6800406582_w1000_h1000_struzhka-tuntsya-bonito.jpg
Продукти для суші,Філе Тунець AAA PREMIUM ааа,475.0,https://images.prom.ua/6352411040_w1000_h1000_file-tuntsa-tunets.jpg
Продукти для суші,Філе тунця ааа тунець AAA PREMIUM,825.0,https://images.prom.ua/6352411040_w1000_h1000_file-tuntsa-aaa.jpg
Продукти для суші,Чіпси Рисові зі смаком креветки,30.0,https://images.prom.ua/5423320315_w1000_h1000_chipsi-risovi-zi.jpg
Риба та морепродукти,Вугор в соусі унагі 20% соусу 900 г,635.0,https://images.prom.ua/5421239448_w1000_h1000_ugor-dlya-sushi.jpg
Риба та морепродукти,Вугор у соусі унагі 20% соус 750 г,500.0,https://images.prom.ua/5368581293_w1000_h1000_ugor-v-souse.jpg
Риба та морепродукти,Вугор у соусі унагі 20% соус 750 г,550.0,https://images.prom.ua/4794647117_w1000_h1000_ugor-v-souse.jpg
Риба та морепродукти,Вугор у соусі унагі без соусу 650 г,630.0,https://images.prom.ua/4794654512_w1000_h1000_ugor-v-souse.jpg
Риба та морепродукти,Крабові Палички Сніжний Краб 500 г,205.0,https://images.prom.ua/5465911171_w1000_h1000_krabovye-palochki-snezhnyj.jpg
Риба та морепродукти,Лосось шматочки холодного копченого копченого,350.0,https://images.prom.ua/5373656751_w1000_h1000_losos-kusochki-holodnogo.jpg
Риба та морепродукти,Сніговий краб Крабові палички VICI 500 г,207.0,https://images.prom.ua/6250960184_w1000_h1000_krabovye-palochki-snezhnyj.jpg
Риба та морепродукти,Сніговий краб Крабові палички VICI 500 г,200.0,https://images.prom.ua/6250960184_w1000_h1000_snezhnyj-krab-krabovye.jpg
Риба та морепродукти,Сніжний Краб Крабові палички 500 г,200.0,https://images.prom.ua/5465929849_w1000_h1000_snezhnyj-krab-krabovye.jpg
Рослинне молоко,Іригатор Prooral 5013 портативний для ротової порожнини,2050.0,https://images.prom.ua/6794476594_w1000_h1000_irrigator-prooral-5013.jpg
Рослинне молоко,Іригатор Prooral 5102,2999.0,https://images.prom.ua/6947333527_w1000_h1000_irigator-prooral-5102.jpg
Рослинне молоко,Кокосове молоко 78% 400 мл,118.0,https://images.prom.ua/5386139907_w1000_h1000_kokosovoe-moloko-78.jpg
Рослинне молоко,Кокосове молоко 78% 400 мл,116.0,https://images.prom.ua/5386139907_w1000_h1000_kokosovoe-moloko-thai.jpg
Рослинне молоко,Кокосове молоко Aroy-d 1 л,273.0,https://images.prom.ua/4794660827_w1000_h1000_kokosovoe-moloko-aroy-d.jpg
Рослинне молоко,Кокосове молоко Aroy-d 400 мл,127.0,https://images.prom.ua/4794660828_w1000_h1000_kokosovoe-moloko-aroy-d.jpg
Рослинне молоко,Кокосове молоко KARA 17% 1 л,315.0,https://images.prom.ua/6825931008_w1000_h1000_kokosovoe-moloko-kara.jpg
Рослинне молоко,Кокосові вершки KARA 24% 1 л,415.0,https://images.prom.ua/4853679166_w1000_h1000_kokosovye-slivki-kara.jpg
Рослинне молоко,Кокосові вершки крем SAVOY 70% 400 мл,125.0,https://images.prom.ua/4794660829_w1000_h1000_slivki-kokosovye-savoy.jpg
Рослинне молоко,Кокосові вершки крем SAVOY 70% 400 мл,124.0,https://images.prom.ua/4794660829_w1000_h1000_kokosovye-slivki-krem.jpg
Сири,Сир,220.0,https://images.prom.ua/6727293841_w1000_h1000_syr-motsarela-motsarella.jpg
Сири,Сир 1 кг,220.0,https://images.prom.ua/6872979041_w1000_h1000_suluguni-produkt-belkovo.jpg
Сири,Сир 1 л,650.0,https://images.prom.ua/6894108936_w1000_h1000_kunzhutna-oliya-sp.jpg
Сири,Сир 1 л,675.0,https://images.prom.ua/6088391255_w1000_h1000_kunzhutnoe-maslo-shi.jpg
Сири,Сир 800 г,510.0,https://images.prom.ua/7016447382_w1000_h1000_syr-parmezan-12.jpg
Сири,Сир 980 г,675.0,https://images.prom.ua/7026764373_w1000_h1000_syr-soevyj-meshochki.jpg
Сири,Сир GOYA 800 г,510.0,https://images.prom.ua/7016446389_w1000_h1000_syr-parmezan-goya.jpg
Сири,Сир JNP 1 кг,383.0,https://images.prom.ua/4802699296_w1000_h1000_slivochnyj-krem-syr.jpg
Сири,Сир JNP 1 кг,360.0,https://images.prom.ua/4802699296_w1000_h1000_syr-slivochnyj-jnp.jpg
Сири,Сир MLEKOVITA,325.0,https://images.prom.ua/6735487008_w1000_h1000_slivochnyj-krem-syr.jpg
Сири,Сир RASA 10 кг,2920.0,https://images.prom.ua/4794608090_w1000_h1000_syr-slivochnyj-krem-syr.jpg
Сири,Сир RASA 10 кг,908.0,https://images.prom.ua/4794608090_w1000_h1000_syr-slivochnyj-krem-syr.jpg
Сири,Сир RASA 10 кг,915.0,https://images.prom.ua/4794608090_w1000_h1000_syr-slivochnyj-krem-syr.jpg
Сири,Сир RASA 10 кг,940.0,https://images.prom.ua/4794608090_w1000_h1000_syr-slivochnyj-krem-syr.jpg
Сири,Сир RASA 3 кг,3440.0,https://images.prom.ua/6735478956_w1000_h1000_syr-slivochnyj-krem-syr.jpg
Сири,Сир RASA 3 кг,1139.0,https://images.prom.ua/6735478956_w1000_h1000_syr-slivochnyj-krem-syr.jpg
Сири,Сир mori-nu 307 г,153.0,https://images.prom.ua/6534492206_w1000_h1000_sir-tofu-soyevij.jpg
Сири,Сир МУ 10 кг,2655.0,https://images.prom.ua/4794654511_w1000_h1000_krem-syr-mu.jpg
Сири,Сир МУ 10 кг,499.0,https://images.prom.ua/4794654511_w1000_h1000_krem-syr-mu.jpg
Сири,Сир МУ 10 кг,550.0,https://images.prom.ua/4794654511_w1000_h1000_syr-slivochnyj-krem-syr.jpg
Сири,Сир МУ 2 кг,520.0,https://images.prom.ua/5437057712_w1000_h1000_krem-sir-dlya.jpg
Сири,Сир МУ 200 г,80.0,https://images.prom.ua/4794608091_w1000_h1000_syr-slivochnyj-krem-syr.jpg
Соуси,Cоус Соєвий Kikkoman 250 г,79.0,https://images.prom.ua/5687607393_w1000_h1000_cous-soevyj-kikkoman.jpg
Соуси,Горіховий соус SP,55.0,https://images.prom.ua/6119784763_w1000_h1000_orehovyj-sous-sp.jpg
Соуси,Горіховий соус SP 1 л,350.0,https://images.prom.ua/6316822953_w1000_h1000_orehovyj-sous-sp.jpg
Соуси,Горіховий соус SP 250 г,115.0,https://images.prom.ua/6119784763_w1000_h1000_orehovyj-sous-sp.jpg
Соуси,Горіховий соус SP 250 г,119.0,https://images.prom.ua/6298643660_w1000_h1000_orehovyj-sous-sp.jpg
Соуси,Горіховий соус SUZUKA 1 л,390.0,https://images.prom.ua/6756263977_w1000_h1000_orehovyj-sous-suzuka.jpg
Соуси,Горіховий соус SUZUKA 1.5 л,540.0,https://images.prom.ua/6833278084_w1000_h1000_orehovyj-sous-suzuka.jpg
Соуси,Заправка рису рисова 1000 г,200.0,https://images.prom.ua/6323532399_w1000_h1000_zapravka-dlya-sushi.jpg
Соуси,Заправка рису рисова SP 1 л,130.0,https://images.prom.ua/6270503497_w1000_h1000_zapravka-dlya-sushi.jpg
Соуси,Мірін 1 л,160.0,https://images.prom.ua/6538772639_w1000_h1000_mirin-1-l.jpg
Соуси,Мірін 20 л,1550.0,https://images.prom.ua/4880141288_w1000_h1000_mirin-20-l.jpg
Соуси,Мірін 500 г,70.0,https://images.prom.ua/4944296040_w1000_h1000_mirin-500-g.jpg
Соуси,Мірін рисовий соус рисове вино 1 л,160.0,https://images.prom.ua/6270515939_w1000_h1000_mirin-risovyj-sous.jpg
Соуси,Мірін рисовий соус рисове вино 20 л,1550.0,https://images.prom.ua/4880141288_w1000_h1000_mirin-risovyj-sous.jpg
Соуси,Мірін рисовий соус рисове вино JS 1 л,130.0,https://images.prom.ua/5922158364_w1000_h1000_mirin-risovyj-sous.jpg
Соуси,Оцет Рисовий FD 1 л,90.0,https://images.prom.ua/6088347375_w1000_h1000_otset-risovij-1.jpg
Соуси,Оцет рисовий міцукан,50.0,https://images.prom.ua/6024995811_w1000_h1000_uksus-risovyj-mitsukan.jpg
Соуси,Рибний соус aroy-d 240 г,134.0,https://images.prom.ua/4856928371_w1000_h1000_ribnij-sous-aroy-d.jpg
Соуси,Рибний соус aroy-d 840 г,180.0,https://images.prom.ua/4794660824_w1000_h1000_ribnij-sous-aroy-d.jpg
Соуси,Рисова заправка рису,75.0,https://images.prom.ua/5377793115_w1000_h1000_risovaya-zapravka-dlya.jpg
Соуси,Рисова заправка рису 1 л,130.0,https://images.prom.ua/6315388974_w1000_h1000_risovaya-zapravka-dlya.jpg
Соуси,Рисова заправка рису 1 л,200.0,https://images.prom.ua/5791157675_w1000_h1000_risovaya-zapravka-dlya.jpg
Соуси,Рисова заправка рису 250 г,75.0,https://images.prom.ua/5126180942_w1000_h1000_zapravka-dlya-sushi.jpg
Соуси,Рисова заправка рису 250 г,50.0,https://images.prom.ua/5126180942_w1000_h1000_zapravka-dlya-sushi.jpg
Соуси,Рисовий оцет ASIA 1 л,125.0,https://images.prom.ua/6808988267_w1000_h1000_risovyj-uksus-asia.jpg
Соуси,Рисовий оцет SP 1 л,125.0,https://images.prom.ua/5797535824_w1000_h1000_risovyj-uksus-sp.jpg
Соуси,Рисовий оцет SP 1 л,123.0,https://images.prom.ua/6035101976_w1000_h1000_risovyj-uksus-sp.jpg
Соуси,Рисовий оцет SP 20 л,655.0,https://images.prom.ua/6792067843_w1000_h1000_risovyj-uksus-sp.jpg
Соуси,Рисовий оцет SP 500 г,50.0,https://images.prom.ua/4944309924_w1000_h1000_risovyj-uksus-sp.jpg
Соуси,Рисовий оцет SP 500 г,60.0,https://images.prom.ua/4944309924_w1000_h1000_risovyj-uksus-sp.jpg
Соуси,Рисовий оцет YAMI 1 л,70.0,https://images.prom.ua/6863309774_w1000_h1000_risovyj-uksus-yami.jpg
Соуси,Рисовий оцет YAMI 1 л,90.0,https://images.prom.ua/6903477685_w1000_h1000_risovyj-uksus-yami.jpg
Соуси,Рисовий оцет міцукан MITSUKAN,60.0,https://images.prom.ua/5741661768_w1000_h1000_risovyj-uksus-mitsukan.jpg
Соуси,Сливовий соус Aroy-d Sweet Plum Солодкий 375 г,220.0,https://images.prom.ua/6088375358_w1000_h1000_slivovyj-sous-aroy-d.jpg
Соуси,Сливовий соус Sweet Plum Солодкий Aroy-d 925 г,275.0,https://images.prom.ua/6088376587_w1000_h1000_slivovyj-sous-sweet.jpg
Соуси,Соус Кімчі suzuka kimchee 1 л,410.0,https://images.prom.ua/4821810124_w1000_h1000_sous-kimchi-suzuka.jpg
Соуси,Соус Кімчі suzuka kimchee 1 л,405.0,https://images.prom.ua/4821810124_w1000_h1000_sous-kimchi-suzuka.jpg
Соуси,"Соус Кімчі suzuka kimchee 1,8 л",970.0,https://images.prom.ua/4821806211_w1000_h1000_sous-kimchi-js.jpg
Соуси,"Соус Кімчі suzuka kimchee 1,8 л",685.0,https://images.prom.ua/4794627474_w1000_h1000_sous-kimchi-suzuka.jpg
Соуси,"Соус Кімчі suzuka kimchee 1,8 л",670.0,https://images.prom.ua/4794627474_w1000_h1000_sous-kimchi-suzuka.jpg
Соуси,Соус Кімчі suzuka kimchee 100 г,55.0,https://images.prom.ua/4794614312_w1000_h1000_sous-kimchi-suzuka.jpg
Соуси,Соус Кімчі suzuka kimchee 100 г,65.0,https://images.prom.ua/4794614312_w1000_h1000_sous-shriracha-sriracha.jpg
Соуси,Соус Кімчі suzuka kimchee 250 г,140.0,https://images.prom.ua/4794627472_w1000_h1000_sous-kimchi-suzuka.jpg
Соуси,Соус Кімчі suzuka kimchee 250 г,120.0,https://images.prom.ua/4794627472_w1000_h1000_sous-kimchi-suzuka.jpg
Соуси,Соус Пад Тай Pad Thai HOM-D тайський 580 г,240.0,https://images.prom.ua/6638229997_w1000_h1000_sous-pad-taj.jpg
Соуси,Соус Соєвий Kikkoman 250 г,79.0,https://images.prom.ua/5687607393_w1000_h1000_sous-soyevij-kikkoman.jpg
Соуси,Соус ТЕРІЯКІ 1 л,240.0,https://images.prom.ua/5787960963_w1000_h1000_sous-teriyaki-1.jpg
Соуси,Соус ТЕРІЯКІ YOSHI,300.0,https://images.prom.ua/6808040909_w1000_h1000_sous-teriyaki-yoshi.jpg
Соуси,Соус Тонкацу tonkatsu тункацу Бульдог,80.0,https://images.prom.ua/6107476520_w1000_h1000_sous-tonkatsu-tonkatsu.jpg
Соуси,Соус Тонкацу tonkatsu тункацу Бульдог 200 г,120.0,https://images.prom.ua/6107476520_w1000_h1000_sous-tonkatsu-tonkatsu.jpg
Соуси,Соус Тонкацу тункацу Бульдог,848.0,https://images.prom.ua/4799314427_w1000_h1000_sous-tonkatsu-tunkatsu.jpg
Соуси,Соус Тонкацу тункацу Бульдог,845.0,https://images.prom.ua/4799314427_w1000_h1000_sous-tonkatsu-tunkatsu.jpg
Соуси,Соус Унагі 1 л,170.0,https://images.prom.ua/6826542352_w1000_h1000_sous-unagi-1l.jpg
Соуси,Соус Унагі 200 г,53.0,https://images.prom.ua/4831704614_w1000_h1000_sous-unagi-200.jpg
Соуси,Соус Устричний 730 мл,250.0,https://images.prom.ua/6262762390_w1000_h1000_sous-ustrichnij-730.jpg
Соуси,Соус Устричний Китай 730 мл,250.0,https://images.prom.ua/6262762390_w1000_h1000_sous-ustrychnij-kitaj.jpg
Соуси,Соус Шрірача 70% чилі Sriracha UNI EAGLE SUPER HOT 835 г,370.0,https://images.prom.ua/5816825199_w1000_h1000_sous-shriracha-70.jpg
Соуси,Соус Шрірача Sriracha HUY FONG 793 г,390.0,https://images.prom.ua/4794627468_w1000_h1000_sous-shriracha-sriracha.jpg
Соуси,Соус Шрірача Sriracha UNI EAGLE 815 г,350.0,https://images.prom.ua/5048998070_w1000_h1000_sous-shriracha-sriracha.jpg
Соуси,Соус Шрірача Sriracha UNI EAGLE A 815 г,350.0,https://images.prom.ua/5048998070_w1000_h1000_sous-shriracha-sriracha.jpg
Соуси,Соус Шрірача Sriracha UNI EAGLE Super hot 835 г,350.0,https://images.prom.ua/5048998070_w1000_h1000_sous-shriracha-sriracha.jpg
Соуси,Соус Шрірача Sriracha uni eagle 815 г,365.0,https://images.prom.ua/5516950162_w1000_h1000_sous-shriracha-sriracha.jpg
Соуси,Соус Шрірача США Sriracha HUY FONG 793 г,390.0,https://images.prom.ua/4745670766_w1000_h1000_sous-shriracha-sriracha.jpg
Соуси,Соус Шрірача США Sriracha HUY FONG 793 г,395.0,https://images.prom.ua/4745670766_w1000_h1000_sous-shriracha-ssha.jpg
Соуси,Соус васабі,50.0,https://images.prom.ua/4794627483_w1000_h1000_sous-vasabi-100.jpg
Соуси,Соус пад тай pad thai HOM-D 580 г,240.0,https://images.prom.ua/6638229997_w1000_h1000_sous-pad-taj.jpg
Соуси,Соус понзу Kikkoman 1 л,599.0,https://images.prom.ua/6258457832_w1000_h1000_sous-ponzu-kikkoman.jpg
Соуси,"Соус преміум ТЕРІЯКІ 1,8 л",434.0,https://images.prom.ua/4794660830_w1000_h1000_sous-premium-teriyaki.jpg
Соуси,Соус рибний AROY-D 840 г 700 мл,185.0,https://images.prom.ua/4792900399_w1000_h1000_sous-rybnyj-aroy-d.jpg
Соуси,Соус рибний fish sauce 700 мл,185.0,https://images.prom.ua/7013615467_w1000_h1000_sous-rybnyj-fish.jpg
Соуси,Соус соєвий kikkoman 250 г,79.0,https://images.prom.ua/5687607393_w1000_h1000_sous-soevyj-kikkoman.jpg
Соуси,Соус соєвий kikkoman готовий 250 г,45.0,https://images.prom.ua/5687607393_w1000_h1000_sous-soevyj-kikkoman.jpg
Соуси,Соус соєвий professional,15.0,https://images.prom.ua/6262730354_w1000_h1000_sous-soyevij-professional.jpg
Соуси,Соус спайс спайсі 100 г,75.0,https://images.prom.ua/4794627481_w1000_h1000_sous-spajs-spajsi.jpg
Соуси,Соус унагі 1 л,170.0,https://images.prom.ua/6826542352_w1000_h1000_sous-unagi-dlya.jpg
Соуси,Соус устричний Panda Brand Lee Kum Kee 2270 г,720.0,https://images.prom.ua/5385957672_w1000_h1000_sous-ustrichnij-panda.jpg
Соуси,Соус устричний Panda Brand Lee Kum Kee Oyster 2270 г,720.0,https://images.prom.ua/5385957672_w1000_h1000_sous-ustrichnyj-panda.jpg
Соуси,Соус устричний устрічний Panda Brand Lee Kum Kee Oyster 2270 г,720.0,https://images.prom.ua/5385957672_w1000_h1000_sous-ustrichnyj-ustrichnij.jpg
Соуси,Соєвий соус 1 л,100.0,https://images.prom.ua/6808986030_w1000_h1000_sous-soyevij-1.jpg
Соуси,Соєвий соус 1 л,90.0,https://images.prom.ua/6808986030_w1000_h1000_soevyj-sous-1.jpg
Соуси,Соєвий соус 1 л,95.0,https://images.prom.ua/6808986030_w1000_h1000_soyevij-sous-1.jpg
Соуси,"Соєвий соус JS professional 18,9 л",1400.0,https://images.prom.ua/4872462160_w1000_h1000_soevyj-sous-js.jpg
Соуси,Соєвий соус Kikkoman 250 г,79.0,https://images.prom.ua/5687607393_w1000_h1000_soyevij-sous-kikkoman.jpg
Соуси,"Соєвий соус SP professional 18,9 л",1440.0,https://images.prom.ua/4872460577_w1000_h1000_soevyj-sous-sp.jpg
Соуси,Соєвий соус SP professional 250 г,30.0,https://images.prom.ua/4794602062_w1000_h1000_sous-soevyj-sp.jpg
Соуси,Соєвий соус SP professional 250 г,79.0,https://images.prom.ua/4794602062_w1000_h1000_soevyj-sous-kikkoman.jpg
Соуси,Соєвий соус SP professional 250 г,35.0,https://images.prom.ua/4794602062_w1000_h1000_soevyj-sous-sp.jpg
Соуси,Соєвий соус professional,15.0,https://images.prom.ua/5687607393_w1000_h1000_soyevij-sous-professional.jpg
Соуси,Соєвий соус sp 250 г,30.0,https://images.prom.ua/5687607393_w1000_h1000_soyevij-sous-sp.jpg
Соуси,Теріякі соус,40.0,https://images.prom.ua/6107476520_w1000_h1000_teriyaki-sous-100.jpg
Соуси,Унаги соус YOSHI,325.0,https://images.prom.ua/6808033860_w1000_h1000_unagi-sous-yoshi.jpg
Соуси,Унагі соус,40.0,https://images.prom.ua/4794614324_w1000_h1000_unagi-sous-100.jpg
Соуси,Унагі соус 1 л,170.0,https://images.prom.ua/6320947930_w1000_h1000_unagi-sous-1l.jpg
Соуси,Унагі соус YOSHI,300.0,https://images.prom.ua/6808033860_w1000_h1000_unagi-sous-yoshi.jpg
Соуси,Хойсин соус WOK JS 1 л,410.0,https://images.prom.ua/6987867075_w1000_h1000_hojsin-sous-wok.jpg
Соуси,Японський Майонез QP KEWPIE,365.0,https://images.prom.ua/6650265940_w1000_h1000_yaponskij-majonez-dlya.jpg
Соуси,Японський Майонез QP KEWPIE 30 г,115.0,https://images.prom.ua/4794614310_w1000_h1000_yaponskij-majonez-dlya.jpg
Соуси,Японський Майонез QP KEWPIE 30 г,45.0,https://images.prom.ua/4794614310_w1000_h1000_yaponskij-majonez-dlya.jpg
Соуси,Японський Майонез QP KEWPIE 449 г,500.0,https://images.prom.ua/4794614307_w1000_h1000_yaponskij-majonez-dlya.jpg
Соуси,Японський Майонез QP KEWPIE 500 г,353.0,https://images.prom.ua/4794660825_w1000_h1000_yaponskij-majonez-dlya.jpg
Соуси,Японський Майонез SP 550 г,230.0,https://images.prom.ua/4794660823_w1000_h1000_yaponskij-majonez-dlya.jpg
Соуси,Японський Майонез TOYO 1000 г,599.0,https://images.prom.ua/6825944463_w1000_h1000_yaponskij-majonez-dlya.jpg
Спеції та приправи,Галангал свіжоморожений корінь калган Aroy-d 200 г,245.0,https://images.prom.ua/6188888630_w1000_h1000_galangal-svizhomorozhenij-korin.jpg
Спеції та приправи,Кунжут 1 кг,200.0,https://images.prom.ua/4794608081_w1000_h1000_kunzhut-1-kg.jpg
Спеції та приправи,Кунжут 200 г,70.0,https://images.prom.ua/4794608083_w1000_h1000_kunzhut-200-g.jpg
Спеції та приправи,Кунжут 200 г,54.0,https://images.prom.ua/4794608083_w1000_h1000_kunzhut-200-g.jpg
Спеції та приправи,Кунжут 200 г,95.0,https://images.prom.ua/4794608083_w1000_h1000_kunzhut-belyj-zharenyj.jpg
Спеції та приправи,Кунжут білий,200.0,https://images.prom.ua/6602416526_w1000_h1000_kunzhut-belyj-1.jpg
Спеції та приправи,Кунжут білий смажений,260.0,https://images.prom.ua/5368322182_w1000_h1000_kunzhut-belyj-zharenyj.jpg
Спеції та приправи,Кунжут білий смажений,28.0,https://images.prom.ua/5368322182_w1000_h1000_kunzhut-belyj-zharenyj.jpg
Спеції та приправи,Кунжут білий смажений 150 г,43.0,https://images.prom.ua/5368322182_w1000_h1000_kunzhut-belyj-zharenyj.jpg
Спеції та приправи,Кунжут чорний 1 кг,275.0,https://images.prom.ua/4794608087_w1000_h1000_kunzhut-chernyj-1.jpg
Спеції та приправи,Кунжут чорний 200 г,80.0,https://images.prom.ua/4794608085_w1000_h1000_kunzhut-chernyj-200.jpg
Спеції та приправи,Лук криспі смажений сухий кранч,200.0,https://images.prom.ua/6389311492_w1000_h1000_luk-krispi-zharenyj.jpg
Спеції та приправи,Мигдалеві пластівці мигдальні пластівці мигдаль 1 кг,90.0,https://images.prom.ua/6716385168_w1000_h1000_migdalevi-plastivtsi-migdalni.jpg
Спеції та приправи,Мигдалеві пластівці мигдальні пластівці мигдаль 1 кг,575.0,https://images.prom.ua/6716385168_w1000_h1000_migdalevi-plastivtsi-migdalni.jpg
Спеції та приправи,Паста Карі жовта aroy-d 400 г,205.0,https://images.prom.ua/6737021505_w1000_h1000_pasta-kari-zheltaya.jpg
Спеції та приправи,Паста Карі жовта aroy-d 400 г,190.0,https://images.prom.ua/6737021505_w1000_h1000_pasta-kari-zheltaya.jpg
Спеції та приправи,Паста Том Ям aroy-d 400 г,205.0,https://images.prom.ua/4794660832_w1000_h1000_pasta-tom-yam.jpg
Спеції та приправи,Паста Том Ям aroy-d 400 г,470.0,https://images.prom.ua/4794660832_w1000_h1000_pasta-tom-yam.jpg
Спеції та приправи,Паста Том Ям aroy-d 400 г,225.0,https://images.prom.ua/4794660832_w1000_h1000_pasta-tom-yam.jpg
Спеції та приправи,Паста Том Ям aroy-d 400 г,265.0,https://images.prom.ua/4794660832_w1000_h1000_pasta-tom-yam.jpg
Спеції та приправи,Паста Том Ям aroy-d 400 г,475.0,https://images.prom.ua/4794660832_w1000_h1000_tom-yam-pasta.jpg
Спеції та приправи,Паста Том Ям aroy-d 400 г,230.0,https://images.prom.ua/4794660832_w1000_h1000_tom-yam-pasta.jpg
Спеції та приправи,Паста Том Ям aroy-d 400 мл,233.0,https://images.prom.ua/6323545617_w1000_h1000_pasta-tom-yam.jpg
Спеції та приправи,Паста карі каррі червона aroy-d 400 г,205.0,https://images.prom.ua/5159423801_w1000_h1000_pasta-kari-karri.jpg
Спеції та приправи,Перець шичимі тогараши сім спецій перців TOGARASHI,235.0,https://images.prom.ua/6804487516_w1000_h1000_perets-shichimi-togarashi.jpg
Спеції та приправи,Перець шичимі тогараші тогараши сім спецій перців TOGARASHI S&B 300 г,589.0,https://images.prom.ua/6775749333_w1000_h1000_perets-shichimi-togarashi.jpg
Спеції та приправи,Перець шичимі тогараші тогараши сім спецій перців TOGARASHI S&amp;B 30 г,71.0,https://images.prom.ua/6804487516_w1000_h1000_perets-shichimi-togarashi.jpg
Спеції та приправи,Рибний бульон Хондаші Yuan Xiang 500 г,240.0,https://images.prom.ua/6191606986_w1000_h1000_ribnij-bulon-hondashi.jpg
Спеції та приправи,Смажена цибуля сухий кранч криспі,225.0,https://images.prom.ua/6782159866_w1000_h1000_zharenyj-luk-suhoj.jpg
Спеції та приправи,Хондаші рибний бульйон Yuan Xiang,80.0,https://images.prom.ua/6005323124_w1000_h1000_hondashi-rybnyj-buljon.jpg
Спеції та приправи,Хондаші рибний бульйон Yuan Xiang 50 г,60.0,https://images.prom.ua/4794620643_w1000_h1000_hondashi-rybnyj-buljon.jpg
Спеції та приправи,Хондаші рибний бульйон Yuan Xiang 50 г,35.0,https://images.prom.ua/4794620643_w1000_h1000_hondashi-rybnyj-buljon.jpg
Спеції та приправи,Хондаші рибний бульйон Yuan Xiang 500 г,240.0,https://images.prom.ua/4794620639_w1000_h1000_hondashi-rybnyj-bulon.jpg
Спеції та приправи,Хондаші рибний бульйон Yuan Xiang 500 г,437.0,https://images.prom.ua/4794620639_w1000_h1000_priprava-hondashi-ribnij.jpg
Спеції та приправи,Хондаші рибний бульйон Yuan Xiang 500 г,438.0,https://images.prom.ua/4794620639_w1000_h1000_hondashi-rybnyj-bulon.jpg
Спеції та приправи,Цибуля кранч кріспі смажена суха,180.0,https://images.prom.ua/6933460625_w1000_h1000_luk-kranch-krispi.jpg
Спеції та приправи,Цибуля кріспі смажена суха 200 г,40.0,https://images.prom.ua/4794627477_w1000_h1000_zharenyj-luk-suhoj.jpg
Спеції та приправи,Цибуля кріспі смажена суха 200 г,875.0,https://images.prom.ua/4794627477_w1000_h1000_luk-krispi-zharenyj.jpg
Спеції та приправи,Цибуля кріспі смажена суха 200 г,79.0,https://images.prom.ua/4794627477_w1000_h1000_luk-krispi-zharenyj.jpg
Спеції та приправи,Цибуля кріспі смажена суха китай,45.0,https://images.prom.ua/4794627479_w1000_h1000_luk-krispi-zharenyj.jpg
Спеції та приправи,Цибуля кріспі смажена суха кранч,219.0,https://images.prom.ua/6392365865_w1000_h1000_luk-krispi-zharenyj.jpg
Спеції та приправи,Цибуля смажена кріспі суха кранч,199.0,https://images.prom.ua/6392365865_w1000_h1000_luk-zharenyj-suhoj.jpg
Спеції та приправи,Цибуля смажена суха кріспі,49.0,https://images.prom.ua/6007767085_w1000_h1000_luk-zharenyj-suhoj.jpg
Сушені овочі,Гриби Гриб чорний деревний сушений муер black 100 г,80.0,https://images.prom.ua/6856900466_w1000_h1000_griby-grib-chernyj.jpg
Сушені овочі,Гриби Гриб чорний деревний сушений муер black 100 г,165.0,https://images.prom.ua/6856900466_w1000_h1000_griby-grib-chernyj.jpg
Сушені овочі,Гриби Гриб чорний деревний сушений муер black 250 г,279.0,https://images.prom.ua/6711554423_w1000_h1000_griby-grib-chernyj.jpg
Сушені овочі,Гриби Гриб чорний деревний сушений муер різані 1 кг,650.0,https://images.prom.ua/6711558272_w1000_h1000_griby-grib-chernyj.jpg
Сушені овочі,Гриби сушені шиітаке 1 кг,970.0,https://images.prom.ua/6551291297_w1000_h1000_griby-shiitake-shiitaki.jpg
Сушені овочі,Гриби сушені шиітаке 250 г,245.0,https://images.prom.ua/6837984983_w1000_h1000_griby-sushenye-shiitake.jpg
Сушені овочі,Гриби сушені шиітаке 50 г,80.0,https://images.prom.ua/6270588744_w1000_h1000_griby-sushenye-shiitake.jpg
Сушені овочі,Гриби сушені шиітаке 50 г,240.0,https://images.prom.ua/6270588744_w1000_h1000_griby-shiitake-shiitaki.jpg
Сушені овочі,Грибы сушеные шиітаке шиітаки шиитаке шитаке шийтаке шиїтакы шиїтаки шиїтаке 250 г,265.0,https://images.prom.ua/6847104613_w1000_h1000_griby-sushenye-shiitake.jpg
Сушені овочі,Коралловый гриб фунгус вайт деревний гриб білий сніговий fungus white 1 кг,1450.0,https://images.prom.ua/6987315785_w1000_h1000_korallovyj-grib-fungus.jpg
Сушені овочі,Кораловий гриб фунгус вайт fungus white 1 кг,1400.0,https://images.prom.ua/6783806997_w1000_h1000_koralovij-grib-fungus.jpg
ТЕХНІКА,Fifine SC3 з XLR Ampligame Ігровий та стрімерський аудіо мікшер,1898.0,https://images.prom.ua/6894216628_w1000_h1000_fifine-sc3-z.jpg
ТЕХНІКА,bluetooth гарнітура Bee LC-B41,600.0,https://images.prom.ua/6990133869_w1000_h1000_besprovodnaya-bluetooth-garnitura.jpg
ТЕХНІКА,bluetooth гарнітура Bee LC-B45,599.0,https://images.prom.ua/6990131512_w1000_h1000_besprovodnaya-bluetooth-garnitura.jpg
ТЕХНІКА,Аудіо мікшер Fifine SC3 SC 3 аудіомікшер,1889.0,https://images.prom.ua/6898637106_w1000_h1000_audio-miksher-fifine.jpg
ТЕХНІКА,Веб камера 2K Fifine K420 для комп&#39;ютера з мікрофоном і штативом триногою,885.0,https://images.prom.ua/6892338587_w1000_h1000_veb-kamera-2k-fifine.jpg
ТЕХНІКА,Миша,895.0,https://images.prom.ua/6989760900_w1000_h1000_myshka-igrovaya-besprovodnaya.jpg
ТЕХНІКА,Миша,885.0,https://images.prom.ua/6999034937_w1000_h1000_myshka-igrovaya-besprovodnaya.jpg
ТЕХНІКА,Миша Attack Shark R1 black,825.0,https://images.prom.ua/7083492828_w1000_h1000_myshka-igrovaya-besprovodnaya.jpg
ТЕХНІКА,Миша Attack Shark R1 white,825.0,https://images.prom.ua/7083492451_w1000_h1000_myshka-igrovaya-besprovodnaya.jpg
ТЕХНІКА,Миша Attack Shark X11,885.0,https://images.prom.ua/7002524584_w1000_h1000_myshka-igrovaya-besprovodnaya.jpg
ТЕХНІКА,Миша Attack Shark X11SE se Black Bluetooth,999.0,https://images.prom.ua/6989783692_w1000_h1000_myshka-igrovaya-besprovodnaya.jpg
ТЕХНІКА,Миша Attack Shark X11SE se white Bluetooth,889.0,https://images.prom.ua/6989784296_w1000_h1000_myshka-igrovaya-besprovodnaya.jpg
ТЕХНІКА,Миша Attack Shark X6 black,1250.0,https://images.prom.ua/7001061397_w1000_h1000_myshka-igrovaya-besprovodnaya.jpg
ТЕХНІКА,Миша Attack Shark X6 white,1250.0,https://images.prom.ua/7001055795_w1000_h1000_myshka-igrovaya-besprovodnaya.jpg
ТЕХНІКА,Миша HyperX Pulsefire Warp,1899.0,https://images.prom.ua/6608515253_w1000_h1000_myshka-hyperx-pulsefire.jpg
ТЕХНІКА,Миша Logitech,299.0,https://images.prom.ua/6608335558_w1000_h1000_myshka-logitech-belaya.jpg
ТЕХНІКА,Миша Logitech,350.0,https://images.prom.ua/7001945422_w1000_h1000_myshka-logitech-belaya.jpg
ТЕХНІКА,Миша Logitech G304,400.0,https://images.prom.ua/6947036035_w1000_h1000_myshka-logitech-g304.jpg
ТЕХНІКА,Миша Logitech G304,399.0,https://images.prom.ua/7002544449_w1000_h1000_myshka-logitech-g304.jpg
ТЕХНІКА,Миша Logitech G502,1590.0,https://images.prom.ua/6608532590_w1000_h1000_myshka-logitech-g502.jpg
ТЕХНІКА,Миша Logitech M650,999.0,https://images.prom.ua/6833388581_w1000_h1000_myshka-logitech-m650.jpg
ТЕХНІКА,Миша Logitech M650,478.0,https://images.prom.ua/6832938619_w1000_h1000_myshka-logitech-m650.jpg
ТЕХНІКА,Миша Logitech M650 pink,745.0,https://images.prom.ua/6928599753_w1000_h1000_myshka-logitech-m650.jpg
ТЕХНІКА,Миша Logitech M650L,599.0,https://images.prom.ua/7086792763_w1000_h1000_myshka-logitech-m650l.jpg
ТЕХНІКА,Миша Logitech white M650,740.0,https://images.prom.ua/6736940854_w1000_h1000_myshka-logitech-white.jpg
ТЕХНІКА,Миша Razer Death Adder Essential BLACK,450.0,https://images.prom.ua/6759487529_w1000_h1000_myshka-razer-death.jpg
ТЕХНІКА,Миша Razer DeathAdder Essential BL,399.0,https://images.prom.ua/6759487529_w1000_h1000_myshka-razer-deathadder.jpg
ТЕХНІКА,Миша Razer DeathAdder Essential Death adder,475.0,https://images.prom.ua/7097146200_w1000_h1000_myshka-razer-deathadder.jpg
ТЕХНІКА,Миша Razer DeathAdder Essential WHITE B,425.0,https://images.prom.ua/6759487755_w1000_h1000_myshka-razer-deathadder.jpg
ТЕХНІКА,Миша Razer Orochi V2,999.0,https://images.prom.ua/6608358648_w1000_h1000_myshka-razer-orochi.jpg
ТЕХНІКА,Миша Razer Viper Mini,600.0,https://images.prom.ua/6640959792_w1000_h1000_myshka-razer-viper.jpg
ТЕХНІКА,Миша Razer Viper Mini,500.0,https://images.prom.ua/6640959792_w1000_h1000_myshka-razer-viper.jpg
ТЕХНІКА,Миша SteelSeries Aerox 3,1499.0,https://images.prom.ua/6738220708_w1000_h1000_myshka-steelseries-aerox.jpg
ТЕХНІКА,Миша SteelSeries Aerox 3,2299.0,https://images.prom.ua/6608389634_w1000_h1000_myshka-steelseries-aerox.jpg
ТЕХНІКА,Миша SteelSeries Aerox 3 Wireless,2999.0,https://images.prom.ua/6608397440_w1000_h1000_myshka-steelseries-aerox.jpg
ТЕХНІКА,Миша SteelSeries Aerox 3 Wireless,2899.0,https://images.prom.ua/6608405778_w1000_h1000_myshka-steelseries-aerox.jpg
ТЕХНІКА,Миша SteelSeries Prime Mini,1750.0,https://images.prom.ua/6608425612_w1000_h1000_myshka-steelseries-prime.jpg
ТЕХНІКА,Миша SteelSeries Rival 5 Destiny 2,2699.0,https://images.prom.ua/6608500746_w1000_h1000_myshka-steelseries-rival.jpg
ТЕХНІКА,Миша SteelSeries Rival 600,2400.0,https://images.prom.ua/6608498861_w1000_h1000_myshka-steelseries-rival.jpg
ТЕХНІКА,Миша SteelSeries Sensei Ten,2999.0,https://images.prom.ua/6608508571_w1000_h1000_myshka-steelseries-sensei.jpg
ТЕХНІКА,Миша SteelSeries Sensei Ten,2899.0,https://images.prom.ua/6608508571_w1000_h1000_myshka-steelseries-sensei.jpg
ТЕХНІКА,Миша signature Logitech M650L M650 L,699.0,https://images.prom.ua/6736939425_w1000_h1000_myshka-signature-logitech.jpg
ТЕХНІКА,Мікрофон,2065.0,https://images.prom.ua/6947313853_w1000_h1000_mikrofon-kondensatornyj-fifine.jpg
ТЕХНІКА,Мікрофон,1199.0,https://images.prom.ua/6947123338_w1000_h1000_mikrofon-petlichnyj-besprovodnoj.jpg
ТЕХНІКА,Мікрофон,1959.0,https://images.prom.ua/6947311416_w1000_h1000_mikrofon-kondensatornyj-fifine.jpg
ТЕХНІКА,Мікрофон,655.0,https://images.prom.ua/6850358942_w1000_h1000_mikrofon-petlichnyj-fifine.jpg
ТЕХНІКА,Мікрофон Fifine A6neo,1230.0,https://images.prom.ua/7009060993_w1000_h1000_mikrofon-fifine-a6neo.jpg
ТЕХНІКА,Мікрофон Fifine A6v,1230.0,https://images.prom.ua/7072984647_w1000_h1000_mikrofon-fifine-a6.jpg
ТЕХНІКА,Мікрофон Fifine A6v,1220.0,https://images.prom.ua/6946981501_w1000_h1000_mikrofon-fifine-a6v.jpg
ТЕХНІКА,Мікрофон Fifine A6v white,1220.0,https://images.prom.ua/6995677857_w1000_h1000_mikrofon-fifine-a6v.jpg
ТЕХНІКА,Мікрофон Fifine A8,1399.0,https://images.prom.ua/6823827288_w1000_h1000_mikrofon-fifine-a8.jpg
ТЕХНІКА,Мікрофон Fifine A8 pink,1450.0,https://images.prom.ua/6981311308_w1000_h1000_mikrofon-fifine-a8.jpg
ТЕХНІКА,Мікрофон Fifine A8 white,1490.0,https://images.prom.ua/6947129368_w1000_h1000_mikrofon-fifine-a8.jpg
ТЕХНІКА,Мікрофон Fifine AM8,2649.0,https://images.prom.ua/6947137328_w1000_h1000_mikrofon-fifine-am8.jpg
ТЕХНІКА,Мікрофон Fifine AM8 pink,2799.0,https://images.prom.ua/6981307908_w1000_h1000_mikrofon-fifine-am8.jpg
ТЕХНІКА,Мікрофон Fifine AM8 white,2650.0,https://images.prom.ua/7042373681_w1000_h1000_mikrofon-fifine-am8.jpg
ТЕХНІКА,Мікрофон Fifine K658,1900.0,https://images.prom.ua/7002568537_w1000_h1000_mikrofon-fifine-k658.jpg
ТЕХНІКА,Мікрофон Fifine K688,1800.0,https://images.prom.ua/6823837474_w1000_h1000_mikrofon-fifine-k688.jpg
ТЕХНІКА,Мікрофон Fifine K688 pink,2099.0,https://images.prom.ua/6981309184_w1000_h1000_mikrofon-fifine-k688.jpg
ТЕХНІКА,Мікрофон Fifine K688 white,1875.0,https://images.prom.ua/6871848343_w1000_h1000_mikrofon-fifine-k688.jpg
ТЕХНІКА,Мікрофон HyperX SoloCast,2025.0,https://images.prom.ua/6633108986_w1000_h1000_mikrofon-hyperx-solocast.jpg
ТЕХНІКА,Навушники,1999.0,https://images.prom.ua/6839859461_w1000_h1000_marshall-major-iv.jpg
ТЕХНІКА,Навушники,1175.0,https://images.prom.ua/6850335091_w1000_h1000_naushniki-besprovodnye-igrovye.jpg
ТЕХНІКА,Навушники,1178.0,https://images.prom.ua/6850335091_w1000_h1000_naushniki-besprovodnye-attack.jpg
ТЕХНІКА,Навушники,1250.0,https://images.prom.ua/6950254207_w1000_h1000_naushniki-besprovodnye-binnune.jpg
ТЕХНІКА,Навушники,1900.0,https://images.prom.ua/6584956800_w1000_h1000_besprovodnaya-garnitura-naushniki.jpg
ТЕХНІКА,Навушники,1699.0,https://images.prom.ua/6839859461_w1000_h1000_navushniki-naushniki-major.jpg
ТЕХНІКА,Навушники,1179.0,https://images.prom.ua/6850335091_w1000_h1000_naushniki-besprovodnye-attack.jpg
ТЕХНІКА,Навушники,1985.0,https://images.prom.ua/6584956800_w1000_h1000_naushniki-bezdrotovi-logitech.jpg
ТЕХНІКА,Навушники 3.5 мм,1989.0,https://images.prom.ua/6380485223_w1000_h1000_naushniki-bezdrotovi-logitech.jpg
ТЕХНІКА,Навушники 3.5 мм,1850.0,https://images.prom.ua/6380485223_w1000_h1000_naushniki-bezdrotovi-logitech.jpg
ТЕХНІКА,Навушники ATTACK SHARK G800,1799.0,https://images.prom.ua/7049748374_w1000_h1000_naushniki-besprovodnye-attack.jpg
ТЕХНІКА,Навушники ATTACK SHARK G800 BLACK,1799.0,https://images.prom.ua/7049754806_w1000_h1000_naushniki-besprovodnye-attack.jpg
ТЕХНІКА,Навушники ATTACK SHARK L80 BL,1189.0,https://images.prom.ua/6850297710_w1000_h1000_besprovodnye-igrovye-naushniki.jpg
ТЕХНІКА,Навушники ATTACK SHARK L80 BL,1185.0,https://images.prom.ua/6850297710_w1000_h1000_naushniki-besprovodnye-attack.jpg
ТЕХНІКА,Навушники ATTACK SHARK L80 PRO l 80,1285.0,https://images.prom.ua/6850345227_w1000_h1000_naushniki-besprovodnye-attack.jpg
ТЕХНІКА,Навушники ATTACK SHARK L80 PRO l 80 WHITE,1358.0,https://images.prom.ua/6975515697_w1000_h1000_naushniki-besprovodnye-attack.jpg
ТЕХНІКА,Навушники ATTACK SHARK L80 l 80 WHITE,1178.0,https://images.prom.ua/6850342068_w1000_h1000_naushniki-besprovodnye-attack.jpg
ТЕХНІКА,Навушники ATTACK SHARK L80PRO L 80 PRO,1289.0,https://images.prom.ua/6850345227_w1000_h1000_naushniki-besprovodnye-attack.jpg
ТЕХНІКА,Навушники ATTACK SHARK L90,1999.0,https://images.prom.ua/7007236740_w1000_h1000_besprovodnye-igrovye-naushniki.jpg
ТЕХНІКА,Навушники AirPODS A9 pro 2 A 9,525.0,https://images.prom.ua/6929984189_w1000_h1000_besprovodnye-naushniki-airpods.jpg
ТЕХНІКА,Навушники AirPods Max P9,299.0,https://images.prom.ua/6756177471_w1000_h1000_naushniki-besprovodnye-airpods.jpg
ТЕХНІКА,Навушники AirPods Pro 2 a9 Type-C,499.0,https://images.prom.ua/6756171311_w1000_h1000_naushniki-airpods-pro.jpg
ТЕХНІКА,Навушники BINNUNE BW06,1250.0,https://images.prom.ua/6848846720_w1000_h1000_naushniki-besprovodnye-binnune.jpg
ТЕХНІКА,Навушники BINNUNE BW06 BW 06,1250.0,https://images.prom.ua/6848846720_w1000_h1000_naushniki-besprovodnye-binnune.jpg
ТЕХНІКА,Навушники Fifine H3,999.0,https://images.prom.ua/6796196068_w1000_h1000_naushniki-fifine-h3.jpg
ТЕХНІКА,Навушники Fifine H6,1499.0,https://images.prom.ua/6796198500_w1000_h1000_naushniki-fifine-h6.jpg
ТЕХНІКА,Навушники Fifine H6,1399.0,https://images.prom.ua/6796198500_w1000_h1000_naushniki-fifine-h6.jpg
ТЕХНІКА,Навушники Fifine H6 white,1499.0,https://images.prom.ua/6823852586_w1000_h1000_naushniki-fifine-h6.jpg
ТЕХНІКА,Навушники Fifine H9,1398.0,https://images.prom.ua/6796200314_w1000_h1000_naushniki-fifine-h9.jpg
ТЕХНІКА,Навушники Fifine H9,1410.0,https://images.prom.ua/6891404725_w1000_h1000_naushniki-fifine-h9.jpg
ТЕХНІКА,Навушники Fifine H9 white,1599.0,https://images.prom.ua/6823851742_w1000_h1000_naushniki-fifine-h9.jpg
ТЕХНІКА,Навушники HAYLOU S30,1575.0,https://images.prom.ua/6802122968_w1000_h1000_naushniki-haylou-s30.jpg
ТЕХНІКА,Навушники HAYLOU S35,1999.0,https://images.prom.ua/6802123627_w1000_h1000_naushniki-haylou-s35.jpg
ТЕХНІКА,Навушники HAYLOU S40,3499.0,https://images.prom.ua/6871700121_w1000_h1000_naushniki-haylou-s40.jpg
ТЕХНІКА,Навушники HAYLOU S40,2995.0,https://images.prom.ua/6802125048_w1000_h1000_naushniki-haylou-s40.jpg
ТЕХНІКА,Навушники HyperX Cloud 3 III,3899.0,https://images.prom.ua/6736923318_w1000_h1000_gejmerskie-naushniki-hyperx.jpg
ТЕХНІКА,Навушники JBL TUNE 660NC,1850.0,https://images.prom.ua/6736933304_w1000_h1000_naushniki-jbl-tune.jpg
ТЕХНІКА,Навушники JBL TUNE 760,1980.0,https://images.prom.ua/6736933303_w1000_h1000_naushniki-jbl-tune.jpg
ТЕХНІКА,Навушники Logitech G331,2000.0,https://images.prom.ua/6604733320_w1000_h1000_naushniki-logitech-g331.jpg
ТЕХНІКА,Навушники Logitech G435 LIGHTSPEED,2500.0,https://images.prom.ua/6604728167_w1000_h1000_naushniki-bezdrotovi-logitech.jpg
ТЕХНІКА,Навушники Logitech G435 LIGHTSPEED,1850.0,https://images.prom.ua/6927847482_w1000_h1000_naushniki-bezdrotovi-logitech.jpg
ТЕХНІКА,Навушники Logitech G435 LIGHTSPEED Wireless Gaming Headset,2500.0,https://images.prom.ua/6611849933_w1000_h1000_naushniki-bezdrotovi-logitech.jpg
ТЕХНІКА,Навушники Marshall Major 4 BROWN,2247.0,https://images.prom.ua/6843738606_w1000_h1000_navushniki-marshall-major.jpg
ТЕХНІКА,Навушники Marshall Major 4 IV,2000.0,https://images.prom.ua/6636141285_w1000_h1000_naushniki-marshall-major.jpg
ТЕХНІКА,Навушники Marshall Major 4 IV,5.0,https://images.prom.ua/7072969241_w1000_h1000_naushniki-marshall-major.jpg
ТЕХНІКА,Навушники Marshall Major 4 IV MAJOR4,2000.0,https://images.prom.ua/6636140384_w1000_h1000_naushniki-marshall-major.jpg
ТЕХНІКА,Навушники OneOdio studio PRO 10 DJ Headphones,1075.0,https://images.prom.ua/6952661979_w1000_h1000_naushniki-provodnye-oneodio.jpg
ТЕХНІКА,Навушники Razer BlackShark V2 X,1699.0,https://images.prom.ua/6604678165_w1000_h1000_naushniki-razer-blackshark.jpg
ТЕХНІКА,Навушники Razer BlackShark V2 X,1500.0,https://images.prom.ua/6604684806_w1000_h1000_naushniki-razer-blackshark.jpg
ТЕХНІКА,Навушники Razer BlackShark V2 X BLACK,1499.0,https://images.prom.ua/6839855128_w1000_h1000_naushniki-razer-blackshark.jpg
ТЕХНІКА,Навушники Razer BlackShark V2 X BLACK,1394.0,https://images.prom.ua/6839855128_w1000_h1000_naushniki-razer-blackshark.jpg
ТЕХНІКА,Навушники Razer BlackShark V2 X Black,1397.0,https://images.prom.ua/6380433323_w1000_h1000_naushniki-razer-blackshark.jpg
ТЕХНІКА,Навушники Razer BlackShark V2 X Black game,1450.0,https://images.prom.ua/6604645052_w1000_h1000_naushniki-razer-blackshark.jpg
ТЕХНІКА,Навушники Razer BlackShark V2 X Black gamer,1499.0,https://images.prom.ua/6604645052_w1000_h1000_naushniki-razer-blackshark.jpg
ТЕХНІКА,Навушники Razer BlackShark V2 X GREEN,1699.0,https://images.prom.ua/6604676700_w1000_h1000_naushniki-razer-blackshark.jpg
ТЕХНІКА,Навушники Razer BlackShark V2 X PINK,1500.0,https://images.prom.ua/6604684806_w1000_h1000_naushniki-razer-blackshark.jpg
ТЕХНІКА,Навушники Razer BlackShark V2 X PINK,1800.0,https://images.prom.ua/6604684806_w1000_h1000_naushniki-razer-blackshark.jpg
ТЕХНІКА,Навушники Razer BlackShark V2 X White,1790.0,https://images.prom.ua/6614898912_w1000_h1000_naushniki-razer-blackshark.jpg
ТЕХНІКА,Навушники Razer BlackShark V2 X White,1699.0,https://images.prom.ua/6614898912_w1000_h1000_naushniki-razer-blackshark.jpg
ТЕХНІКА,Навушники Razer BlackShark V2 X pink,1595.0,https://images.prom.ua/6611848419_w1000_h1000_naushniki-razer-blackshark.jpg
ТЕХНІКА,Навушники Razer BlackShark V2 X white,1699.0,https://images.prom.ua/6611848063_w1000_h1000_naushniki-razer-blackshark.jpg
ТЕХНІКА,Навушники Razer BlackShark V2X v2 x Black,1499.0,https://images.prom.ua/6842646826_w1000_h1000_naushniki-razer-blackshark.jpg
ТЕХНІКА,Навушники Razer Hammerhead DUO,1200.0,https://images.prom.ua/6604771679_w1000_h1000_naushniki-razer-hammerhead.jpg
ТЕХНІКА,Навушники Razer Hammerhead PRO V2,1200.0,https://images.prom.ua/6604770907_w1000_h1000_naushniki-razer-hammerhead.jpg
ТЕХНІКА,Навушники Razer Kraken Pro V2,2900.0,https://images.prom.ua/6604774152_w1000_h1000_naushniki-razer-kraken.jpg
ТЕХНІКА,Навушники Razer Kraken X,1900.0,https://images.prom.ua/6604780156_w1000_h1000_naushniki-razer-kraken.jpg
ТЕХНІКА,Навушники Sennheiser HD 206,1295.0,https://images.prom.ua/6372349668_w1000_h1000_naushniki-sennheiser-hd.jpg
ТЕХНІКА,Навушники Sennheiser HD 206 3,950.0,https://images.prom.ua/6372349668_w1000_h1000_naushniki-sennheiser-hd.jpg
ТЕХНІКА,Навушники Sennheiser HD 400S Black HD400S HD 400,1299.0,https://images.prom.ua/6380445352_w1000_h1000_naushniki-sennheiser-hd.jpg
ТЕХНІКА,Навушники Transformers TF-T01 black,1199.0,https://images.prom.ua/6756181639_w1000_h1000_gejmerskie-besprovodnye-naushniki.jpg
ТЕХНІКА,Навушники VGN VXE SIREN V1 V 1,1450.0,https://images.prom.ua/6793811409_w1000_h1000_naushniki-bezdrotovi-vgn.jpg
ТЕХНІКА,Навушники VGN VXE SIREN V1 V 1,1589.0,https://images.prom.ua/6793811000_w1000_h1000_naushniki-besprovodnye-vgn.jpg
ТЕХНІКА,Навушники VGN VXE SIREN V1 V 1 BLACK,1450.0,https://images.prom.ua/6793811409_w1000_h1000_naushniki-besprovodnye-vgn.jpg
ТЕХНІКА,Навушники VGN VXE SIREN V1 V 1 WHI,1570.0,https://images.prom.ua/6793811000_w1000_h1000_naushniki-besprovodnye-vgn.jpg
ТЕХНІКА,Портативна акустика блютуз колонка JBL серії CHARGE 5,1350.0,https://images.prom.ua/6802113584_w1000_h1000_portativnaya-akustika-blyutuz.jpg
ТЕХНІКА,Портативна акустика блютуз колонка JBL серії EXTREME 3,1400.0,https://images.prom.ua/6802115901_w1000_h1000_portativnaya-akustika-blyutuz.jpg
ТЕХНІКА,Портативна акустика блютуз колонка JBL серії FLIP 6,1500.0,https://images.prom.ua/6803415320_w1000_h1000_portativnaya-akustika-blyutuz.jpg
ТЕХНІКА,Портативна акустика блютуз колонка Sony SRS-XB100,1599.0,https://images.prom.ua/6867186636_w1000_h1000_portativnaya-akustika-blyutuz.jpg
ТЕХНІКА,Портативна акустика блютуз колонка Sony SRS-XB13,1399.0,https://images.prom.ua/6658641981_w1000_h1000_portativnaya-akustika-blyutuz.jpg
ТЕХНІКА,Портативна акустика блютуз-колонка JBL серії FLIP 6 flip6,1580.0,https://images.prom.ua/6875225183_w1000_h1000_portativnaya-akustika-blyutuz.jpg
ТЕХНІКА,дротова Клавіатура AJAZZ AK820 MAX українська розкладка,1995.0,https://images.prom.ua/7076701130_w1000_h1000_igrovaya-provodnaya-klaviatura.jpg
ТЕХНІКА,дротова Клавіатура AJAZZ AK820 MAX українська розкладка white,1995.0,https://images.prom.ua/7076707416_w1000_h1000_igrovaya-provodnaya-klaviatura.jpg
